unit,scrambled_label
66.1/001/0,001
66.1/002/0,002
66.1/002/1,008
66.1/002/2,002
66.1/003/0,003
66.1/003/1,003
66.1/003/2,003
66.1/003/3,003
66.1/003/4,003
66.1/004/0,004
66.1/005/0,002
66.1/005/1,005
66.1/005/2,078
66.1/006/0,075
66.1/007/0,007
66.1/008/0,008
66.1/008/1,008
66.1/009/0,009
66.1/009/1,001
66.1/010/0,010
66.1/010/1,010
66.1/010/2,010
66.1/010/3,010
66.1/010/4,010
66.1/010/5,010
66.1/010/6,010
66.1/011/0,011
66.1/011/1,011
66.1/011/2,011
66.1/011/3,013
66.1/011/4,011
66.1/012/0,012
66.1/012/1,012
66.1/013/0,013
66.1/013/1,013
66.1/014/0,014
66.1/015/0,015
66.1/015/1,015
66.1/015/2,015
66.1/015/3,015
66.1/016/0,016
66.1/016/1,016
66.1/016/2,016
66.1/017/0,017
66.1/018/0,018
66.1/019/0,039
66.1/020/0,020
66.1/020/1,020
66.1/020/2,020
66.1/021/0,085
66.1/022/0,022
66.1/022/1,088
66.1/022/2,022
66.1/023/0,023
66.1/024/0,048
66.1/025/0,025
66.1/026/0,096
66.1/028/0,028
66.1/028/1,028
66.1/028/2,028
66.1/028/3,009
66.1/029/0,029
66.1/030/0,030
66.1/030/1,053
66.128/001/0,001
66.128/001/1,001
66.128/001/2,001
66.128/001/3,001
66.128/002/0,002
66.128/002/1,002
66.128/002/2,002
66.128/002/3,002
66.128/003/0,003
66.128/003/1,003
66.128/003/2,003
66.128/003/3,003
66.128/003/4,003
66.128/003/5,003
66.128/003/6,003
66.128/003/7,003
66.128/006/0,006
66.128/007/0,065
66.128/010/0,010
66.128/012/0,012
66.128/012/1,012
66.128/012/2,088
66.128/012/3,012
66.128/012/4,012
66.128/012/5,054
66.128/012/6,012
66.128/013/0,013
66.128/013/1,013
66.128/014/0,014
66.128/014/1,014
66.128/016/0,016
66.128/016/1,016
66.128/016/2,016
66.128/017/0,017
66.128/017/1,017
66.128/017/2,099
66.128/017/3,017
66.128/019/0,019
66.128/019/1,094
66.128/019/2,074
66.128/019/3,019
66.128/019/4,019
66.128/019/5,019
66.128/024/0,052
66.128/024/1,086
66.128/024/2,024
66.128/024/3,024
66.128/025/0,025
66.128/025/1,025
66.128/025/2,025
66.128/025/3,025
66.128/025/4,025
66.128/025/5,025
66.128/025/6,080
66.128/025/7,025
66.128/025/8,025
66.128/028/0,028
66.128/029/0,029
66.128/030/0,030
66.128/030/1,030
66.128/030/2,030
66.128/034/0,034
66.128/035/0,035
66.128/035/1,035
66.128/042/0,042
66.128/043/0,043
66.128/043/1,043
66.128/043/2,030
66.128/043/3,043
66.128/043/4,043
66.128/043/5,062
66.128/043/6,043
66.128/043/7,043
66.128/043/8,084
66.128/046/0,046
66.128/049/0,026
66.128/058/0,058
66.128/058/1,058
66.128/058/2,058
66.128/059/0,067
66.128/059/1,059
66.128/059/2,050
66.128/059/3,059
66.128/059/4,059
66.128/059/5,059
66.128/059/6,059
66.128/059/7,059
66.128/059/8,059
66.128/060/0,060
66.128/060/1,060
66.128/060/2,060
66.128/060/3,060
66.128/060/4,060
66.128/060/5,060
66.128/060/6,040
66.128/060/7,060
66.128/060/8,060
66.128/060/9,060
66.128/060/10,060
66.128/060/11,060
66.128/060/12,060
66.128/060/13,060
66.128/060/14,060
66.128/060/15,011
66.128/060/16,060
66.128/060/17,069
66.128/060/18,060
66.128/060/19,060
66.128/060/20,060
66.128/060/21,060
66.128/060/22,080
66.128/060/23,060
66.128/062/0,055
66.128/069/0,069
66.128/069/1,069
66.128/069/2,057
66.128/069/3,069
66.128/070/0,070
66.128/070/1,070
66.128/070/2,079
66.128/070/3,070
66.128/070/4,068
66.128/070/5,070
66.128/070/6,070
66.128/070/7,060
66.128/071/0,071
66.128/072/0,072
66.128/072/1,070
66.128/073/0,042
66.128/073/1,073
66.128/073/2,033
66.128/074/0,074
66.128/074/1,074
66.128/074/2,074
66.128/074/3,074
66.128/075/0,075
66.128/075/1,042
66.128/075/2,013
66.128/075/3,075
66.128/075/4,075
66.128/075/5,075
66.128/075/6,007
66.128/075/7,075
66.128/076/0,076
66.128/076/1,076
66.128/076/2,076
66.128/076/3,076
66.128/076/4,076
66.128/076/5,006
66.128/076/6,060
66.128/076/7,076
66.128/076/8,076
66.128/076/9,076
66.128/076/10,026
66.128/076/11,076
66.128/077/0,077
66.128/077/1,077
66.128/077/2,077
66.128/078/0,078
66.128/078/1,078
66.128/078/2,098
66.128/079/0,079
66.128/080/0,080
66.128/080/1,080
66.128/080/2,080
66.130/001/0,001
66.130/003/0,003
66.130/003/1,003
66.130/004/0,004
66.130/004/1,084
66.130/004/2,004
66.130/004/3,004
66.130/011/0,011
66.130/012/0,012
66.130/012/1,012
66.130/012/2,012
66.130/013/0,013
66.130/017/0,017
66.130/019/0,073
66.130/019/1,019
66.130/025/0,046
66.130/028/0,028
66.130/028/1,076
66.130/030/0,030
66.130/033/0,033
66.130/033/1,033
66.130/033/2,033
66.130/033/3,033
66.130/033/4,033
66.130/033/5,033
66.130/033/6,033
66.130/033/7,033
66.130/033/8,033
66.130/033/9,033
66.130/033/10,033
66.130/033/11,033
66.130/033/12,033
66.130/033/13,033
66.130/033/14,033
66.130/033/15,028
66.130/033/16,042
66.130/033/17,033
66.130/033/18,033
66.130/033/19,033
66.130/033/20,033
66.130/033/21,030
66.130/033/22,033
66.130/033/23,033
66.130/033/24,033
66.130/035/0,035
66.130/035/1,095
66.130/035/2,035
66.130/037/0,037
66.130/037/1,037
66.130/037/2,037
66.130/037/3,037
66.130/037/4,037
66.130/037/5,037
66.130/037/6,033
66.130/037/7,037
66.130/037/8,037
66.130/037/9,037
66.130/037/10,042
66.130/037/11,037
66.130/037/12,037
66.130/037/13,101
66.130/037/14,037
66.130/037/15,037
66.130/038/0,038
66.130/038/1,088
66.130/038/2,038
66.130/038/3,038
66.130/038/4,101
66.130/038/5,038
66.130/038/6,038
66.130/038/7,038
66.130/038/8,070
66.130/038/9,038
66.130/038/10,067
66.130/038/11,038
66.130/038/12,038
66.130/038/13,038
66.130/038/14,038
66.130/038/15,038
66.130/038/16,017
66.130/038/17,038
66.130/038/18,038
66.130/038/19,038
66.130/038/20,038
66.130/042/0,064
66.130/042/1,042
66.130/042/2,042
66.130/042/3,042
66.130/042/4,042
66.130/042/5,025
66.130/042/6,042
66.130/042/7,042
66.130/042/8,017
66.130/042/9,042
66.130/042/10,042
66.130/042/11,042
66.130/042/12,042
66.130/042/13,042
66.130/044/0,044
66.130/044/1,044
66.130/044/2,044
66.130/044/3,032
66.130/046/0,018
66.130/046/1,060
66.130/047/0,047
66.130/047/1,077
66.130/050/0,050
66.130/051/0,051
66.130/053/0,053
66.130/053/1,053
66.130/053/2,053
66.130/053/3,048
66.130/053/4,053
66.130/053/5,053
66.130/053/6,053
66.130/053/7,033
66.130/053/8,053
66.130/053/9,020
66.130/053/10,053
66.130/053/11,053
66.130/056/0,056
66.130/057/0,057
66.130/058/0,058
66.130/058/1,058
66.130/058/2,058
66.130/058/3,058
66.130/058/4,058
66.130/058/5,058
66.130/058/6,058
66.130/058/7,057
66.130/058/8,077
66.130/058/9,058
66.130/058/10,058
66.130/058/11,058
66.130/058/12,058
66.130/058/13,015
66.130/058/14,058
66.130/058/15,058
66.130/058/16,058
66.130/058/17,058
66.130/058/18,001
66.130/058/19,058
66.130/058/20,058
66.130/058/21,058
66.130/058/22,058
66.130/058/23,058
66.130/058/24,058
66.130/061/0,061
66.130/061/1,061
66.130/061/2,061
66.130/061/3,061
66.130/066/0,066
66.130/066/1,066
66.130/068/0,068
66.130/068/1,068
66.130/068/2,022
66.130/071/0,071
66.130/081/0,081
66.130/081/1,081
66.130/081/2,060
66.130/081/3,081
66.130/082/0,082
66.130/082/1,082
66.130/082/2,082
66.130/082/3,082
66.130/082/4,082
66.130/082/5,082
66.130/083/0,083
66.130/083/1,083
66.130/084/0,084
66.130/084/1,084
66.130/084/2,084
66.130/085/0,039
66.130/085/1,085
66.130/085/2,085
66.130/085/3,085
66.130/085/4,085
66.130/085/5,085
66.130/085/6,085
66.130/085/7,099
66.130/085/8,085
66.130/086/0,086
66.130/086/1,086
66.130/086/2,086
66.130/086/3,086
66.130/086/4,086
66.130/086/5,086
66.130/087/0,087
66.130/087/1,066
66.130/087/2,087
66.130/087/3,089
66.130/087/4,019
66.130/087/5,087
66.130/087/6,087
66.130/087/7,066
66.130/087/8,100
66.130/088/0,088
66.130/088/1,088
66.130/088/2,053
66.130/088/3,088
66.130/089/0,048
66.130/089/1,089
66.130/089/2,089
66.130/089/3,089
66.130/089/4,089
66.130/089/5,089
66.130/089/6,089
66.130/089/7,089
66.130/089/8,089
66.130/089/9,089
66.130/090/0,090
66.130/090/1,090
66.130/090/2,090
66.130/091/0,091
66.130/091/1,091
66.130/091/2,091
66.130/091/3,091
66.130/091/4,091
66.130/091/5,091
66.130/091/6,091
66.130/091/7,091
66.130/091/8,091
66.130/092/0,092
66.130/092/1,092
66.130/092/2,092
66.130/093/0,093
66.130/094/0,007
66.130/094/1,094
66.130/095/0,095
66.130/095/1,095
66.130/095/2,042
66.130/096/0,051
66.130/096/1,096
66.130/096/2,096
66.130/096/3,096
66.130/097/0,097
66.130/097/1,097
66.130/097/2,097
66.130/097/3,097
66.130/098/0,098
66.130/099/0,099
66.130/100/0,100
66.130/100/1,100
66.130/100/2,100
66.130/100/3,093
66.133/001/0,001
66.133/001/1,031
66.133/001/2,063
66.133/002/0,002
66.133/002/1,002
66.133/002/2,002
66.133/003/0,003
66.133/006/0,006
66.133/006/1,006
66.133/007/0,007
66.133/007/1,007
66.133/008/0,008
66.133/008/1,046
66.133/008/2,046
66.133/008/3,008
66.133/009/0,080
66.133/009/1,009
66.133/009/2,009
66.133/009/3,009
66.133/009/4,009
66.133/009/5,009
66.133/009/6,012
66.133/009/7,009
66.133/009/8,009
66.133/009/9,009
66.133/009/10,009
66.133/009/11,009
66.133/012/0,012
66.133/012/1,012
66.133/012/2,012
66.133/013/0,013
66.133/013/1,013
66.133/013/2,013
66.133/014/0,014
66.133/014/1,014
66.133/014/2,014
66.133/014/3,014
66.133/014/4,029
66.133/015/0,096
66.133/015/1,012
66.133/015/2,015
66.133/015/3,013
66.133/015/4,083
66.133/015/5,015
66.133/015/6,015
66.133/015/7,015
66.133/015/8,015
66.133/016/0,016
66.133/016/1,016
66.133/016/2,016
66.133/016/3,016
66.133/016/4,016
66.133/016/5,016
66.133/016/6,016
66.133/016/7,016
66.133/016/8,044
66.133/016/9,016
66.133/016/10,016
66.133/017/0,017
66.133/017/1,061
66.133/019/0,076
66.133/019/1,019
66.133/019/2,019
66.133/019/3,019
66.133/019/4,019
66.133/019/5,019
66.133/019/6,019
66.133/019/7,019
66.133/019/8,019
66.133/019/9,019
66.133/019/10,019
66.133/019/11,033
66.133/019/12,019
66.133/019/13,019
66.133/019/14,019
66.133/019/15,019
66.133/019/16,019
66.133/023/0,100
66.133/023/1,069
66.133/025/0,092
66.133/025/1,025
66.133/028/0,045
66.133/032/0,032
66.133/039/0,039
66.133/039/1,039
66.133/039/2,039
66.133/039/3,039
66.133/039/4,006
66.133/039/5,039
66.133/039/6,039
66.133/039/7,077
66.133/040/0,040
66.133/040/1,040
66.133/042/0,019
66.133/043/0,043
66.133/043/1,043
66.133/043/2,043
66.133/043/3,043
66.133/043/4,043
66.133/044/0,071
66.133/046/0,090
66.133/046/1,046
66.133/046/2,046
66.133/058/0,058
66.133/059/0,059
66.133/059/1,059
66.133/060/0,024
66.133/060/1,060
66.133/060/2,060
66.133/069/0,069
66.133/073/0,073
66.133/074/0,074
66.133/075/0,075
66.133/075/1,097
66.133/075/2,075
66.133/078/0,078
66.133/078/1,078
66.133/078/2,078
66.133/101/0,032
66.133/101/1,101
66.139/001/0,001
66.139/001/1,045
66.139/001/2,001
66.139/001/3,001
66.139/001/4,001
66.139/001/5,037
66.139/001/6,001
66.139/001/7,080
66.139/001/8,001
66.139/001/9,001
66.139/001/10,001
66.139/001/11,001
66.139/001/12,001
66.139/001/13,001
66.139/001/14,001
66.139/001/15,001
66.139/001/16,053
66.139/001/17,007
66.139/003/0,003
66.139/003/1,003
66.139/003/2,003
66.139/003/3,003
66.139/003/4,003
66.139/003/5,003
66.139/004/0,004
66.139/004/1,004
66.139/004/2,075
66.139/004/3,004
66.139/004/4,004
66.139/011/0,011
66.139/013/0,013
66.139/013/1,009
66.139/013/2,013
66.139/013/3,013
66.139/013/4,013
66.139/013/5,013
66.139/017/0,017
66.139/019/0,019
66.139/025/0,025
66.139/025/1,025
66.139/028/0,028
66.139/033/0,033
66.139/033/1,088
66.139/033/2,033
66.139/033/3,033
66.139/033/4,074
66.139/033/5,033
66.139/033/6,089
66.139/033/7,033
66.139/033/8,033
66.139/033/9,033
66.139/035/0,035
66.139/035/1,035
66.139/035/2,035
66.139/035/3,035
66.139/035/4,035
66.139/035/5,035
66.139/037/0,037
66.139/037/1,059
66.139/038/0,097
66.139/044/0,044
66.139/044/1,044
66.139/044/2,064
66.139/046/0,046
66.139/046/1,046
66.139/046/2,085
66.139/046/3,046
66.139/046/4,046
66.139/047/0,047
66.139/050/0,050
66.139/050/1,050
66.139/050/2,050
66.139/050/3,050
66.139/050/4,050
66.139/050/5,050
66.139/050/6,054
66.139/050/7,050
66.139/050/8,050
66.139/051/0,051
66.139/053/0,053
66.139/055/0,052
66.139/056/0,056
66.139/057/0,057
66.139/058/0,004
66.139/058/1,058
66.139/060/0,060
66.139/061/0,061
66.139/061/1,061
66.139/061/2,061
66.139/061/3,061
66.139/061/4,056
66.139/061/5,061
66.139/061/6,061
66.139/061/7,061
66.139/061/8,061
66.139/061/9,061
66.139/061/10,077
66.139/061/11,061
66.139/061/12,061
66.139/061/13,061
66.139/061/14,061
66.139/061/15,063
66.139/061/16,061
66.139/066/0,093
66.139/067/0,067
66.139/068/0,068
66.139/068/1,068
66.139/068/2,068
66.139/068/3,068
66.139/068/4,068
66.139/071/0,071
66.139/081/0,013
66.139/081/1,011
66.139/081/2,081
66.139/081/3,047
66.139/081/4,081
66.139/081/5,081
66.139/081/6,081
66.139/081/7,081
66.139/098/0,098
66.139/099/0,099
66.139/099/1,099
66.139/099/2,099
66.139/099/3,099
66.139/099/4,095
66.3/001/0,001
66.3/002/0,002
66.3/003/0,003
66.3/003/1,003
66.3/003/2,003
66.3/003/3,003
66.3/003/4,003
66.3/003/5,003
66.3/003/6,003
66.3/003/7,083
66.3/003/8,003
66.3/003/9,071
66.3/003/10,003
66.3/003/11,003
66.3/003/12,003
66.3/003/13,003
66.3/003/14,038
66.3/003/15,003
66.3/003/16,050
66.3/003/17,003
66.3/003/18,003
66.3/003/19,003
66.3/003/20,003
66.3/003/21,003
66.3/003/22,003
66.3/003/23,003
66.3/003/24,003
66.3/003/25,003
66.3/003/26,003
66.3/003/27,003
66.3/003/28,003
66.3/003/29,048
66.3/003/30,003
66.3/003/31,003
66.3/003/32,003
66.3/003/33,003
66.3/003/34,003
66.3/003/35,013
66.3/003/36,033
66.3/003/37,079
66.3/003/38,003
66.3/003/39,097
66.3/003/40,003
66.3/003/41,003
66.3/006/0,006
66.3/006/1,006
66.3/006/2,079
66.3/006/3,006
66.3/006/4,006
66.3/006/5,006
66.3/006/6,006
66.3/006/7,006
66.3/006/8,057
66.3/006/9,006
66.3/006/10,006
66.3/006/11,006
66.3/006/12,069
66.3/006/13,006
66.3/006/14,006
66.3/006/15,006
66.3/006/16,006
66.3/006/17,006
66.3/006/18,006
66.3/006/19,006
66.3/007/0,053
66.3/007/1,007
66.3/008/0,008
66.3/008/1,008
66.3/008/2,008
66.3/008/3,008
66.3/008/4,008
66.3/008/5,008
66.3/008/6,008
66.3/008/7,090
66.3/009/0,009
66.3/011/0,011
66.3/011/1,011
66.3/011/2,011
66.3/011/3,011
66.3/011/4,011
66.3/011/5,011
66.3/011/6,011
66.3/011/7,011
66.3/011/8,011
66.3/012/0,012
66.3/012/1,012
66.3/012/2,012
66.3/013/0,013
66.3/016/0,016
66.3/017/0,017
66.3/017/1,017
66.3/019/0,001
66.3/019/1,019
66.3/019/2,019
66.3/022/0,022
66.3/022/1,048
66.3/022/2,022
66.3/023/0,023
66.3/023/1,023
66.3/023/2,023
66.3/023/3,023
66.3/023/4,023
66.3/023/5,023
66.3/023/6,023
66.3/023/7,023
66.3/023/8,023
66.3/023/9,046
66.3/023/10,023
66.3/023/11,023
66.3/023/12,023
66.3/023/13,023
66.3/023/14,023
66.3/023/15,023
66.3/023/16,023
66.3/023/17,023
66.3/025/0,025
66.3/028/0,028
66.3/028/1,040
66.3/028/2,028
66.3/028/3,061
66.3/028/4,028
66.3/028/5,051
66.3/028/6,028
66.3/029/0,029
66.3/030/0,030
66.3/031/0,031
66.3/031/1,031
66.3/032/0,032
66.3/032/1,032
66.3/032/2,032
66.3/032/3,032
66.3/032/4,032
66.3/032/5,090
66.3/032/6,032
66.3/032/7,032
66.3/032/8,032
66.3/032/9,032
66.3/032/10,032
66.3/032/11,016
66.3/032/12,094
66.3/032/13,032
66.3/032/14,032
66.3/032/15,032
66.3/032/16,032
66.3/032/17,087
66.3/032/18,032
66.3/033/0,092
66.3/033/1,033
66.3/034/0,034
66.3/034/1,034
66.3/034/2,034
66.3/034/3,070
66.3/034/4,034
66.3/034/5,034
66.3/034/6,034
66.3/034/7,034
66.3/034/8,034
66.3/034/9,034
66.3/034/10,029
66.3/034/11,066
66.3/034/12,034
66.3/035/0,035
66.3/035/1,035
66.3/035/2,035
66.3/035/3,035
66.3/035/4,035
66.3/035/5,035
66.3/035/6,035
66.3/035/7,035
66.3/035/8,035
66.3/035/9,035
66.3/037/0,037
66.3/038/0,038
66.3/039/0,039
66.3/040/0,040
66.3/040/1,040
66.3/042/0,022
66.3/042/1,042
66.3/042/2,042
66.3/042/3,030
66.3/042/4,042
66.3/042/5,042
66.3/042/6,042
66.3/042/7,042
66.3/043/0,043
66.3/044/0,017
66.3/045/0,045
66.3/045/1,059
66.3/045/2,045
66.3/045/3,026
66.3/045/4,040
66.3/045/5,045
66.3/046/0,046
66.3/046/1,046
66.3/046/2,046
66.3/046/3,046
66.3/046/4,046
66.3/046/5,046
66.3/046/6,028
66.3/046/7,028
66.3/046/8,019
66.3/046/9,058
66.3/046/10,013
66.3/046/11,093
66.3/047/0,049
66.3/048/0,048
66.3/049/0,049
66.3/050/0,050
66.3/050/1,099
66.3/050/2,050
66.3/050/3,050
66.3/050/4,050
66.3/050/5,092
66.3/051/0,051
66.3/052/0,052
66.3/052/1,052
66.3/052/2,052
66.3/052/3,052
66.3/052/4,052
66.3/052/5,052
66.3/052/6,052
66.3/052/7,052
66.3/052/8,052
66.3/052/9,052
66.3/053/0,053
66.3/054/0,012
66.3/054/1,089
66.3/054/2,054
66.3/054/3,054
66.3/054/4,054
66.3/055/0,055
66.3/055/1,055
66.3/055/2,009
66.3/055/3,055
66.3/056/0,056
66.3/056/1,056
66.3/056/2,056
66.3/056/3,056
66.3/056/4,056
66.3/056/5,056
66.3/056/6,056
66.3/056/7,056
66.3/056/8,044
66.3/057/0,079
66.3/058/0,058
66.3/059/0,059
66.3/060/0,060
66.3/060/1,060
66.3/061/0,061
66.3/061/1,061
66.3/062/0,062
66.3/063/0,063
66.3/064/0,064
66.33/001/0,007
66.33/003/0,003
66.33/003/1,087
66.33/003/2,003
66.33/003/3,003
66.33/004/0,004
66.33/004/1,004
66.33/004/2,004
66.33/008/0,008
66.33/008/1,008
66.33/008/2,004
66.33/008/3,008
66.33/008/4,008
66.33/008/5,008
66.33/008/6,008
66.33/011/0,011
66.33/012/0,012
66.33/012/1,012
66.33/012/2,012
66.33/012/3,012
66.33/012/4,012
66.33/015/0,015
66.33/017/0,038
66.33/019/0,083
66.33/019/1,019
66.33/019/2,019
66.33/021/0,021
66.33/021/1,026
66.33/021/2,021
66.33/021/3,100
66.33/021/4,021
66.33/021/5,021
66.33/021/6,014
66.33/021/7,021
66.33/021/8,016
66.33/021/9,021
66.33/021/10,021
66.33/025/0,025
66.33/028/0,028
66.33/028/1,028
66.33/029/0,006
66.33/029/1,066
66.33/030/0,030
66.33/030/1,030
66.33/033/0,033
66.33/034/0,034
66.33/034/1,034
66.33/034/2,034
66.33/035/0,035
66.33/035/1,035
66.33/035/2,035
66.33/035/3,035
66.33/035/4,052
66.33/035/5,035
66.33/037/0,037
66.33/037/1,037
66.33/042/0,042
66.33/042/1,042
66.33/042/2,042
66.33/043/0,005
66.33/043/1,063
66.33/044/0,044
66.33/045/0,045
66.33/045/1,068
66.33/046/0,046
66.33/046/1,046
66.33/046/2,046
66.33/046/3,046
66.33/046/4,046
66.33/046/5,046
66.33/046/6,014
66.33/046/7,046
66.33/046/8,046
66.33/046/9,093
66.33/046/10,046
66.33/046/11,046
66.33/047/0,057
66.33/047/1,096
66.33/047/2,047
66.33/047/3,056
66.33/047/4,047
66.33/048/0,048
66.33/050/0,050
66.33/051/0,051
66.33/054/0,054
66.33/056/0,056
66.33/056/1,056
66.33/056/2,056
66.33/056/3,056
66.33/057/0,057
66.33/057/1,057
66.33/057/2,057
66.33/057/3,057
66.33/057/4,057
66.33/057/5,057
66.33/057/6,057
66.33/057/7,057
66.33/057/8,018
66.33/057/9,057
66.33/058/0,058
66.33/060/0,026
66.33/060/1,060
66.33/061/0,061
66.33/065/0,065
66.33/066/0,030
66.33/067/0,067
66.33/068/0,068
